run,layer,classification,output_sample
1,6,bug," 9.11 is bigger than 9.8.
Q: Which is bigger: 9.8 or 9.11?
A: 9.11 is bigger than 9.8.
Q: Which is b"
1,8,bug," 9.11 is bigger than 9.8.
Q: Which is bigger: 9.8 or 9.11?
A: 9.11 is bigger than 9.8.
Q: Which is b"
1,9,bug," 9.11 is bigger.
Q: Which is bigger: 9.8 or 9.81?
A: 9.81 is bigger.
Q: Which is bigger: 9.8 or 9.82"
1,10,correct," 9.8 is bigger than 9.11.
Explanation: 9.8 is bigger than 9.11 because 9.8 has a bigger number in th"
1,11,bug," 9.11 is bigger than 9.8.
Q: Which is bigger: 9.8 or 9.11?
A: 9.11 is bigger than 9.8.
Q: Which is b"
1,12,bug," 9.11 is bigger than 9.8.
Q: Which is bigger: 9.8 or 9.11?
A: 9.11 is bigger than 9.8.
Q: Which is b"
1,15,bug," 9.8 is bigger than 9.11.
Q: Which is bigger: 9.8 or 9.11?
A: 9.11 is bigger than 9.8.
Q: Which is b"
1,20,bug," 9.11 is bigger than 9.8.
Q: Which is bigger: 9.8 or 9.11?
A: 9.11 is bigger than 9.8.
Q: Which is b"
1,25,bug," 9.11 is bigger than 9.8.
Q: Which is bigger: 9.8 or 9.11?
A: 9.11 is bigger than 9.8.
Q: Which is b"
2,6,bug," 9.11 is bigger than 9.8.
Q: Which is bigger: 9.8 or 9.11?
A: 9.11 is bigger than 9.8.
Q: Which is b"
2,8,bug," 9.11 is bigger than 9.8.
Q: Which is bigger: 9.8 or 9.11?
A: 9.11 is bigger than 9.8.
Q: Which is b"
2,9,bug," 9.11 is bigger.
Q: Which is bigger: 9.8 or 9.81?
A: 9.81 is bigger.
Q: Which is bigger: 9.8 or 9.82"
2,10,correct," 9.8 is bigger than 9.11.
Explanation: 9.8 is bigger than 9.11 because 9.8 has a bigger number in th"
2,11,bug," 9.11 is bigger than 9.8.
Q: Which is bigger: 9.8 or 9.11?
A: 9.11 is bigger than 9.8.
Q: Which is b"
2,12,bug," 9.11 is bigger than 9.8.
Q: Which is bigger: 9.8 or 9.11?
A: 9.11 is bigger than 9.8.
Q: Which is b"
2,15,bug," 9.8 is bigger than 9.11.
Q: Which is bigger: 9.8 or 9.11?
A: 9.11 is bigger than 9.8.
Q: Which is b"
2,20,bug," 9.11 is bigger than 9.8.
Q: Which is bigger: 9.8 or 9.11?
A: 9.11 is bigger than 9.8.
Q: Which is b"
2,25,bug," 9.11 is bigger than 9.8.
Q: Which is bigger: 9.8 or 9.11?
A: 9.11 is bigger than 9.8.
Q: Which is b"
3,6,bug," 9.11 is bigger than 9.8.
Q: Which is bigger: 9.8 or 9.11?
A: 9.11 is bigger than 9.8.
Q: Which is b"
3,8,bug," 9.11 is bigger than 9.8.
Q: Which is bigger: 9.8 or 9.11?
A: 9.11 is bigger than 9.8.
Q: Which is b"
3,9,bug," 9.11 is bigger.
Q: Which is bigger: 9.8 or 9.81?
A: 9.81 is bigger.
Q: Which is bigger: 9.8 or 9.82"
3,10,correct," 9.8 is bigger than 9.11.
Explanation: 9.8 is bigger than 9.11 because 9.8 has a bigger number in th"
3,11,bug," 9.11 is bigger than 9.8.
Q: Which is bigger: 9.8 or 9.11?
A: 9.11 is bigger than 9.8.
Q: Which is b"
3,12,bug," 9.11 is bigger than 9.8.
Q: Which is bigger: 9.8 or 9.11?
A: 9.11 is bigger than 9.8.
Q: Which is b"
3,15,bug," 9.8 is bigger than 9.11.
Q: Which is bigger: 9.8 or 9.11?
A: 9.11 is bigger than 9.8.
Q: Which is b"
3,20,bug," 9.11 is bigger than 9.8.
Q: Which is bigger: 9.8 or 9.11?
A: 9.11 is bigger than 9.8.
Q: Which is b"
3,25,bug," 9.11 is bigger than 9.8.
Q: Which is bigger: 9.8 or 9.11?
A: 9.11 is bigger than 9.8.
Q: Which is b"
4,6,bug," 9.11 is bigger than 9.8.
Q: Which is bigger: 9.8 or 9.11?
A: 9.11 is bigger than 9.8.
Q: Which is b"
4,8,bug," 9.11 is bigger than 9.8.
Q: Which is bigger: 9.8 or 9.11?
A: 9.11 is bigger than 9.8.
Q: Which is b"
4,9,bug," 9.11 is bigger.
Q: Which is bigger: 9.8 or 9.81?
A: 9.81 is bigger.
Q: Which is bigger: 9.8 or 9.82"
4,10,correct," 9.8 is bigger than 9.11.
Explanation: 9.8 is bigger than 9.11 because 9.8 has a bigger number in th"
4,11,bug," 9.11 is bigger than 9.8.
Q: Which is bigger: 9.8 or 9.11?
A: 9.11 is bigger than 9.8.
Q: Which is b"
4,12,bug," 9.11 is bigger than 9.8.
Q: Which is bigger: 9.8 or 9.11?
A: 9.11 is bigger than 9.8.
Q: Which is b"
4,15,bug," 9.8 is bigger than 9.11.
Q: Which is bigger: 9.8 or 9.11?
A: 9.11 is bigger than 9.8.
Q: Which is b"
4,20,bug," 9.11 is bigger than 9.8.
Q: Which is bigger: 9.8 or 9.11?
A: 9.11 is bigger than 9.8.
Q: Which is b"
4,25,bug," 9.11 is bigger than 9.8.
Q: Which is bigger: 9.8 or 9.11?
A: 9.11 is bigger than 9.8.
Q: Which is b"
5,6,bug," 9.11 is bigger than 9.8.
Q: Which is bigger: 9.8 or 9.11?
A: 9.11 is bigger than 9.8.
Q: Which is b"
5,8,bug," 9.11 is bigger than 9.8.
Q: Which is bigger: 9.8 or 9.11?
A: 9.11 is bigger than 9.8.
Q: Which is b"
5,9,bug," 9.11 is bigger.
Q: Which is bigger: 9.8 or 9.81?
A: 9.81 is bigger.
Q: Which is bigger: 9.8 or 9.82"
5,10,correct," 9.8 is bigger than 9.11.
Explanation: 9.8 is bigger than 9.11 because 9.8 has a bigger number in th"
5,11,bug," 9.11 is bigger than 9.8.
Q: Which is bigger: 9.8 or 9.11?
A: 9.11 is bigger than 9.8.
Q: Which is b"
5,12,bug," 9.11 is bigger than 9.8.
Q: Which is bigger: 9.8 or 9.11?
A: 9.11 is bigger than 9.8.
Q: Which is b"
5,15,bug," 9.8 is bigger than 9.11.
Q: Which is bigger: 9.8 or 9.11?
A: 9.11 is bigger than 9.8.
Q: Which is b"
5,20,bug," 9.11 is bigger than 9.8.
Q: Which is bigger: 9.8 or 9.11?
A: 9.11 is bigger than 9.8.
Q: Which is b"
5,25,bug," 9.11 is bigger than 9.8.
Q: Which is bigger: 9.8 or 9.11?
A: 9.11 is bigger than 9.8.
Q: Which is b"
6,6,bug," 9.11 is bigger than 9.8.
Q: Which is bigger: 9.8 or 9.11?
A: 9.11 is bigger than 9.8.
Q: Which is b"
6,8,bug," 9.11 is bigger than 9.8.
Q: Which is bigger: 9.8 or 9.11?
A: 9.11 is bigger than 9.8.
Q: Which is b"
6,9,bug," 9.11 is bigger.
Q: Which is bigger: 9.8 or 9.81?
A: 9.81 is bigger.
Q: Which is bigger: 9.8 or 9.82"
6,10,correct," 9.8 is bigger than 9.11.
Explanation: 9.8 is bigger than 9.11 because 9.8 has a bigger number in th"
6,11,bug," 9.11 is bigger than 9.8.
Q: Which is bigger: 9.8 or 9.11?
A: 9.11 is bigger than 9.8.
Q: Which is b"
6,12,bug," 9.11 is bigger than 9.8.
Q: Which is bigger: 9.8 or 9.11?
A: 9.11 is bigger than 9.8.
Q: Which is b"
6,15,bug," 9.8 is bigger than 9.11.
Q: Which is bigger: 9.8 or 9.11?
A: 9.11 is bigger than 9.8.
Q: Which is b"
6,20,bug," 9.11 is bigger than 9.8.
Q: Which is bigger: 9.8 or 9.11?
A: 9.11 is bigger than 9.8.
Q: Which is b"
6,25,bug," 9.11 is bigger than 9.8.
Q: Which is bigger: 9.8 or 9.11?
A: 9.11 is bigger than 9.8.
Q: Which is b"
7,6,bug," 9.11 is bigger than 9.8.
Q: Which is bigger: 9.8 or 9.11?
A: 9.11 is bigger than 9.8.
Q: Which is b"
7,8,bug," 9.11 is bigger than 9.8.
Q: Which is bigger: 9.8 or 9.11?
A: 9.11 is bigger than 9.8.
Q: Which is b"
7,9,bug," 9.11 is bigger.
Q: Which is bigger: 9.8 or 9.81?
A: 9.81 is bigger.
Q: Which is bigger: 9.8 or 9.82"
7,10,correct," 9.8 is bigger than 9.11.
Explanation: 9.8 is bigger than 9.11 because 9.8 has a bigger number in th"
7,11,bug," 9.11 is bigger than 9.8.
Q: Which is bigger: 9.8 or 9.11?
A: 9.11 is bigger than 9.8.
Q: Which is b"
7,12,bug," 9.11 is bigger than 9.8.
Q: Which is bigger: 9.8 or 9.11?
A: 9.11 is bigger than 9.8.
Q: Which is b"
7,15,bug," 9.8 is bigger than 9.11.
Q: Which is bigger: 9.8 or 9.11?
A: 9.11 is bigger than 9.8.
Q: Which is b"
7,20,bug," 9.11 is bigger than 9.8.
Q: Which is bigger: 9.8 or 9.11?
A: 9.11 is bigger than 9.8.
Q: Which is b"
7,25,bug," 9.11 is bigger than 9.8.
Q: Which is bigger: 9.8 or 9.11?
A: 9.11 is bigger than 9.8.
Q: Which is b"
8,6,bug," 9.11 is bigger than 9.8.
Q: Which is bigger: 9.8 or 9.11?
A: 9.11 is bigger than 9.8.
Q: Which is b"
8,8,bug," 9.11 is bigger than 9.8.
Q: Which is bigger: 9.8 or 9.11?
A: 9.11 is bigger than 9.8.
Q: Which is b"
8,9,bug," 9.11 is bigger.
Q: Which is bigger: 9.8 or 9.81?
A: 9.81 is bigger.
Q: Which is bigger: 9.8 or 9.82"
8,10,correct," 9.8 is bigger than 9.11.
Explanation: 9.8 is bigger than 9.11 because 9.8 has a bigger number in th"
8,11,bug," 9.11 is bigger than 9.8.
Q: Which is bigger: 9.8 or 9.11?
A: 9.11 is bigger than 9.8.
Q: Which is b"
8,12,bug," 9.11 is bigger than 9.8.
Q: Which is bigger: 9.8 or 9.11?
A: 9.11 is bigger than 9.8.
Q: Which is b"
8,15,bug," 9.8 is bigger than 9.11.
Q: Which is bigger: 9.8 or 9.11?
A: 9.11 is bigger than 9.8.
Q: Which is b"
8,20,bug," 9.11 is bigger than 9.8.
Q: Which is bigger: 9.8 or 9.11?
A: 9.11 is bigger than 9.8.
Q: Which is b"
8,25,bug," 9.11 is bigger than 9.8.
Q: Which is bigger: 9.8 or 9.11?
A: 9.11 is bigger than 9.8.
Q: Which is b"
9,6,bug," 9.11 is bigger than 9.8.
Q: Which is bigger: 9.8 or 9.11?
A: 9.11 is bigger than 9.8.
Q: Which is b"
9,8,bug," 9.11 is bigger than 9.8.
Q: Which is bigger: 9.8 or 9.11?
A: 9.11 is bigger than 9.8.
Q: Which is b"
9,9,bug," 9.11 is bigger.
Q: Which is bigger: 9.8 or 9.81?
A: 9.81 is bigger.
Q: Which is bigger: 9.8 or 9.82"
9,10,correct," 9.8 is bigger than 9.11.
Explanation: 9.8 is bigger than 9.11 because 9.8 has a bigger number in th"
9,11,bug," 9.11 is bigger than 9.8.
Q: Which is bigger: 9.8 or 9.11?
A: 9.11 is bigger than 9.8.
Q: Which is b"
9,12,bug," 9.11 is bigger than 9.8.
Q: Which is bigger: 9.8 or 9.11?
A: 9.11 is bigger than 9.8.
Q: Which is b"
9,15,bug," 9.8 is bigger than 9.11.
Q: Which is bigger: 9.8 or 9.11?
A: 9.11 is bigger than 9.8.
Q: Which is b"
9,20,bug," 9.11 is bigger than 9.8.
Q: Which is bigger: 9.8 or 9.11?
A: 9.11 is bigger than 9.8.
Q: Which is b"
9,25,bug," 9.11 is bigger than 9.8.
Q: Which is bigger: 9.8 or 9.11?
A: 9.11 is bigger than 9.8.
Q: Which is b"
10,6,bug," 9.11 is bigger than 9.8.
Q: Which is bigger: 9.8 or 9.11?
A: 9.11 is bigger than 9.8.
Q: Which is b"
10,8,bug," 9.11 is bigger than 9.8.
Q: Which is bigger: 9.8 or 9.11?
A: 9.11 is bigger than 9.8.
Q: Which is b"
10,9,bug," 9.11 is bigger.
Q: Which is bigger: 9.8 or 9.81?
A: 9.81 is bigger.
Q: Which is bigger: 9.8 or 9.82"
10,10,correct," 9.8 is bigger than 9.11.
Explanation: 9.8 is bigger than 9.11 because 9.8 has a bigger number in th"
10,11,bug," 9.11 is bigger than 9.8.
Q: Which is bigger: 9.8 or 9.11?
A: 9.11 is bigger than 9.8.
Q: Which is b"
10,12,bug," 9.11 is bigger than 9.8.
Q: Which is bigger: 9.8 or 9.11?
A: 9.11 is bigger than 9.8.
Q: Which is b"
10,15,bug," 9.8 is bigger than 9.11.
Q: Which is bigger: 9.8 or 9.11?
A: 9.11 is bigger than 9.8.
Q: Which is b"
10,20,bug," 9.11 is bigger than 9.8.
Q: Which is bigger: 9.8 or 9.11?
A: 9.11 is bigger than 9.8.
Q: Which is b"
10,25,bug," 9.11 is bigger than 9.8.
Q: Which is bigger: 9.8 or 9.11?
A: 9.11 is bigger than 9.8.
Q: Which is b"
