Layer,Full Layer Patching,Full Output Sample,Attention Patching,Attention Output Sample
6,Gibberish, ://://://://://://://://://://://://://,Bug (9.11 > 9.8), 9.11 is bigger than 9.8. Q: Which is bi
7,Gibberish, ://://://://://://://://://://://://://,Other, 9.11 is bigger. Q: Which is bigger: 9.8
8,Gibberish, ://://://://://://://://://://://://://,Bug (9.11 > 9.8), 9.11 is bigger than 9.8. Q: Which is bi
9,Gibberish, ://://://://://://://://://://://://://,Other, 9.11 is bigger. Q: Which is bigger: 9.8
10,Gibberish, ://://://://://://://://://://://://://,Correct (9.8 > 9.11), 9.8 is bigger than 9.11. Explanation: 9
11,Gibberish, ://://://://://://://://://://://://://,Bug (9.11 > 9.8), 9.11 is bigger than 9.8. Q: Which is bi
12,Gibberish, ://://://://://://://://://://://://://,Bug (9.11 > 9.8), 9.11 is bigger than 9.8. Q: Which is bi
15,Gibberish, ://://://://://://://://://://://://://,Bug (9.11 > 9.8), 9.8 is bigger than 9.11. Q: Which is bi
20,Gibberish, ://://://://://://://://://://://://://,Bug (9.11 > 9.8), 9.11 is bigger than 9.8. Q: Which is bi
23,Gibberish, ://://://://://://://://://://://://://,Bug (9.11 > 9.8), 9.11 is bigger than 9.8. Explanation: 9
25,Gibberish, ://://://://://://://://://://://://://,Bug (9.11 > 9.8), 9.11 is bigger than 9.8. Q: Which is bi
27,Gibberish, ://://://://://://://://://phpphpphp<|s,Bug (9.11 > 9.8), 9.11 is bigger than 9.8. Q: Which is bi
28,Gibberish, phpphp<|start_header_id|><|start_header,Bug (9.11 > 9.8), 9.11 is bigger than 9.8. Q: Which is bi
