format,trial,prompt,response,is_correct,shows_bug,says_9_8,says_9_11
Simple,0,"Which is bigger: 9.8 or 9.11?
Answer:","9.8 is bigger than 9.11.
Explanation: 9.8 is bigger than 9.11 because 8 is bigger",True,False,True,False
Simple,1,"Which is bigger: 9.8 or 9.11?
Answer:","9.8 is bigger than 9.11.
Explanation: 9.8 is bigger than 9.11 because 8 is bigger",True,False,True,False
Simple,2,"Which is bigger: 9.8 or 9.11?
Answer:","9.8 is bigger than 9.11.
Explanation: 9.8 is bigger than 9.11 because 8 is bigger",True,False,True,False
Simple,3,"Which is bigger: 9.8 or 9.11?
Answer:","9.8 is bigger than 9.11.
Explanation: 9.8 is bigger than 9.11 because 8 is bigger",True,False,True,False
Simple,4,"Which is bigger: 9.8 or 9.11?
Answer:","9.8 is bigger than 9.11.
Explanation: 9.8 is bigger than 9.11 because 8 is bigger",True,False,True,False
Q&A,0,"Q: Which is bigger: 9.8 or 9.11?
A:","9.11 is bigger than 9.8.
Q: Which is bigger: 9.8 or 9.11?
A:",False,True,False,True
Q&A,1,"Q: Which is bigger: 9.8 or 9.11?
A:","9.11 is bigger than 9.8.
Q: Which is bigger: 9.8 or 9.11?
A:",False,True,False,True
Q&A,2,"Q: Which is bigger: 9.8 or 9.11?
A:","9.11 is bigger than 9.8.
Q: Which is bigger: 9.8 or 9.11?
A:",False,True,False,True
Q&A,3,"Q: Which is bigger: 9.8 or 9.11?
A:","9.11 is bigger than 9.8.
Q: Which is bigger: 9.8 or 9.11?
A:",False,True,False,True
Q&A,4,"Q: Which is bigger: 9.8 or 9.11?
A:","9.11 is bigger than 9.8.
Q: Which is bigger: 9.8 or 9.11?
A:",False,True,False,True
Chat,0,"User: Which is bigger: 9.8 or 9.11?
Assistant:","To determine which is bigger, we can compare the two numbers. 9.11 is greater than 9.8. Therefore, 9",False,True,False,True
Chat,1,"User: Which is bigger: 9.8 or 9.11?
Assistant:","To determine which is bigger, we can compare the two numbers. 9.11 is greater than 9.8. Therefore, 9",False,True,False,True
Chat,2,"User: Which is bigger: 9.8 or 9.11?
Assistant:","To determine which is bigger, we can compare the two numbers. 9.11 is greater than 9.8. Therefore, 9",False,True,False,True
Chat,3,"User: Which is bigger: 9.8 or 9.11?
Assistant:","To determine which is bigger, we can compare the two numbers. 9.11 is greater than 9.8. Therefore, 9",False,True,False,True
Chat,4,"User: Which is bigger: 9.8 or 9.11?
Assistant:","To determine which is bigger, we can compare the two numbers. 9.11 is greater than 9.8. Therefore, 9",False,True,False,True
Direct,0,9.8 or 9.11? The bigger number is,"9.11.
9.8 is less than 9.11. So, 9.11 is the bigger number. The bigger number",False,True,False,True
Direct,1,9.8 or 9.11? The bigger number is,"9.11.
9.8 is less than 9.11. So, 9.11 is the bigger number. The bigger number",False,True,False,True
Direct,2,9.8 or 9.11? The bigger number is,"9.11.
9.8 is less than 9.11. So, 9.11 is the bigger number. The bigger number",False,True,False,True
Direct,3,9.8 or 9.11? The bigger number is,"9.11.
9.8 is less than 9.11. So, 9.11 is the bigger number. The bigger number",False,True,False,True
Direct,4,9.8 or 9.11? The bigger number is,"9.11.
9.8 is less than 9.11. So, 9.11 is the bigger number. The bigger number",False,True,False,True
