prompt,format,decimal_pair,response,is_correct,begin_output_contribution,format_output_contribution,number_output_contribution,total_norm,confidence
"<|begin_of_text|><|start_header_id|>system<|end_header_id|>

Cutting Knowledge Date: December 2023
T...",chat,9.8 vs 9.11,9.11 is bigger than 9.8.,False,0.09335456566347469,0.42310405266757867,0.21155737004103967,91.375,0.952525794506073
"<|begin_of_text|><|start_header_id|>system<|end_header_id|>

Cutting Knowledge Date: December 2023
T...",chat,9.8 vs 9.11,9.11 is bigger than 9.8.,False,0.09461038409245412,0.4194106900067981,0.21578645479265807,91.9375,0.983423113822937
"<|start_header_id|>user<|end_header_id|>

Which is bigger: 9.11 or 9.8?<|eot_id|><|start_header_id|>...",raw,9.8 vs 9.11,9.8 is bigger than 9.11.,True,0.1143947963800905,0.4970911441499677,0.24311166774402068,48.34375,0.7823200821876526
"<|start_header_id|>user<|end_header_id|>

Which is bigger: 9.8 or 9.11?<|eot_id|><|start_header_id|>...",raw,9.8 vs 9.11,9.11 is bigger than 9.8.,False,0.11536759974259975,0.49605855855855857,0.2442889317889318,48.5625,0.8690376877784729
"Which is bigger: 9.11 or 9.8?
Answer:",simple,9.8 vs 9.11,"9.8 is bigger.
Explanation: 9.8 is bigger than 9.1",True,0.0396759697256386,0.600934247871334,0.3596263008514664,33.03125,0.8932488560676575
"Which is bigger: 9.8 or 9.11?
Answer:",simple,9.8 vs 9.11,"9.8 is bigger than 9.11.
Explanation: 9.8 is bigge",True,0.03956367924528302,0.5941332547169811,0.3659492924528302,33.125,0.8748478293418884
"Q: Which is bigger: 9.11 or 9.8?
A:",qa,9.8 vs 9.11,"9.8 is bigger than 9.11.
Q: Which is bigger: 9.8 o",True,0.036467391304347826,0.6423641304347826,0.3212771739130435,35.9375,0.4248559772968292
"Q: Which is bigger: 9.8 or 9.11?
A:",qa,9.8 vs 9.11,"9.11 is bigger than 9.8.
Q: Which is bigger: 9.8 o",False,0.03615301724137931,0.6360991379310345,0.32817887931034484,36.25,0.4640493094921112
"<|begin_of_text|><|start_header_id|>system<|end_header_id|>

Cutting Knowledge Date: December 2023
T...",chat,9.9 vs 9.09,9.9 is bigger than 9.09.,True,0.09286837185588036,0.41605412984364376,0.22239335486063902,91.9375,0.9550899863243103
"<|begin_of_text|><|start_header_id|>system<|end_header_id|>

Cutting Knowledge Date: December 2023
T...",chat,9.9 vs 9.09,9.9 is bigger than 9.09.,True,0.09231211656441718,0.4176359066121336,0.219910957736878,91.6875,0.9513317346572876
"<|start_header_id|>user<|end_header_id|>

Which is bigger: 9.09 or 9.9?<|eot_id|><|start_header_id|>...",raw,9.9 vs 9.09,9.9 is bigger than 9.09.,True,0.11278482028241335,0.48343228498074453,0.2613326379974326,48.6875,0.8064956665039062
"<|start_header_id|>user<|end_header_id|>

Which is bigger: 9.9 or 9.09?<|eot_id|><|start_header_id|>...",raw,9.9 vs 9.09,9.9 is bigger than 9.09.,True,0.110007225433526,0.4866931599229287,0.25943320488118177,48.65625,0.7436988353729248
"Which is bigger: 9.09 or 9.9?
Answer:",simple,9.9 vs 9.09,"9.9 is bigger.
Explanation: 9.9 is bigger than 9.0",True,0.0389030612244898,0.5809948979591837,0.3796961966604824,33.6875,0.9342575669288635
"Which is bigger: 9.9 or 9.09?
Answer:",simple,9.9 vs 9.09,"9.9 is bigger than 9.09.
Explanation: When compari",True,0.03908434296365331,0.5796831314072693,0.38149464119291704,33.53125,0.9205284118652344
"Q: Which is bigger: 9.09 or 9.9?
A:",qa,9.9 vs 9.09,"9.9 is bigger than 9.09.
Q: Which is bigger: 9.09 ",True,0.03575234441602728,0.6236679454390451,0.3406329923273657,36.65625,0.5381909012794495
"Q: Which is bigger: 9.9 or 9.09?
A:",qa,9.9 vs 9.09,"9.9 is bigger than 9.09.
Q: Which is bigger: 9.99 ",True,0.035691489361702126,0.6190425531914894,0.34558510638297874,36.71875,0.5620999336242676
"<|begin_of_text|><|start_header_id|>system<|end_header_id|>

Cutting Knowledge Date: December 2023
T...",chat,8.8 vs 8.08,8.8 is bigger than 8.08.,True,0.09305721350613916,0.418475017053206,0.21870736698499318,91.625,0.9601274132728577
"<|begin_of_text|><|start_header_id|>system<|end_header_id|>

Cutting Knowledge Date: December 2023
T...",chat,8.8 vs 8.08,8.8 is bigger than 8.08.,True,0.09331121575342466,0.4185894691780822,0.21738013698630138,91.25,0.9633471369743347
"<|start_header_id|>user<|end_header_id|>

Which is bigger: 8.08 or 8.8?<|eot_id|><|start_header_id|>...",raw,8.8 vs 8.08,8.8 is bigger than 8.08.,True,0.11167804955527319,0.4834815756035578,0.2624086721728081,49.1875,0.8046953678131104
"<|start_header_id|>user<|end_header_id|>

Which is bigger: 8.8 or 8.08?<|eot_id|><|start_header_id|>...",raw,8.8 vs 8.08,8.8 is bigger than 8.08.,True,0.1108154609475032,0.48733594750320103,0.25962307938540335,48.8125,0.803374171257019
"Which is bigger: 8.08 or 8.8?
Answer:",simple,8.8 vs 8.08,"8.8
Explanation: 8.8 is bigger than 8.08 because 8",True,0.038616482504604054,0.5820384438305709,0.37966160220994477,33.9375,0.9439060091972351
"Which is bigger: 8.8 or 8.08?
Answer:",simple,8.8 vs 8.08,"8.8 is bigger than 8.08.
Explanation: When compari",True,0.0389030612244898,0.5794294990723562,0.3812615955473098,33.6875,0.9204293489456177
"Q: Which is bigger: 8.08 or 8.8?
A:",qa,8.8 vs 8.08,"8.8 is bigger than 8.08.
Q: Which is bigger: 8.08 ",True,0.03530092592592592,0.6213436447811448,0.34346064814814814,37.125,0.5705987811088562
"Q: Which is bigger: 8.8 or 8.08?
A:",qa,8.8 vs 8.08,"8.8 is bigger than 8.08.
Explanation: When compari",True,0.035480118443316416,0.6191571489001692,0.3452834179357022,36.9375,0.5517746806144714
"<|begin_of_text|><|start_header_id|>system<|end_header_id|>

Cutting Knowledge Date: December 2023
T...",chat,7.7 vs 7.17,7.17 is bigger than 7.7.,False,0.09399397488119485,0.4174622369314325,0.2206805838424983,92.0625,0.9644920825958252
"<|begin_of_text|><|start_header_id|>system<|end_header_id|>

Cutting Knowledge Date: December 2023
T...",chat,7.7 vs 7.17,7.7 is bigger than 7.17.,True,0.09495110544217687,0.4184204931972789,0.2172831632653061,91.875,0.976473331451416
"<|start_header_id|>user<|end_header_id|>

Which is bigger: 7.17 or 7.7?<|eot_id|><|start_header_id|>...",raw,7.7 vs 7.17,7.7 is bigger than 7.17.,True,0.11485901071203529,0.48022999369880276,0.2641580025204789,49.59375,0.7915953397750854
"<|start_header_id|>user<|end_header_id|>

Which is bigger: 7.7 or 7.17?<|eot_id|><|start_header_id|>...",raw,7.7 vs 7.17,7.7 is bigger than 7.17.,True,0.11530716993051168,0.48290429564118764,0.2596928300694883,49.46875,0.8351483941078186
"Which is bigger: 7.17 or 7.7?
Answer:",simple,7.7 vs 7.17,"7.7
Explanation: 7.7 is bigger than 7.17 because 7",True,0.03843950504124656,0.5794282768102658,0.38218950504124655,34.09375,0.9437832832336426
"Which is bigger: 7.7 or 7.17?
Answer:",simple,7.7 vs 7.17,"7.7 is bigger than 7.17.
Explanation: When compari",True,0.03879509713228492,0.5786308973172988,0.3824005550416281,33.78125,0.9287664890289307
"Q: Which is bigger: 7.17 or 7.7?
A:",qa,7.7 vs 7.17,"7.7 is bigger than 7.17.
Q: Which is bigger: 7.17 ",True,0.035390295358649786,0.6202004219409283,0.34425105485232066,37.03125,0.5198400020599365
"Q: Which is bigger: 7.7 or 7.17?
A:",qa,7.7 vs 7.17,"7.7 is bigger than 7.17.
Q: Which is bigger: 7.7 o",True,0.03557039864291773,0.6192483036471587,0.3449162425784563,36.84375,0.5734165906906128
"<|begin_of_text|><|start_header_id|>system<|end_header_id|>

Cutting Knowledge Date: December 2023
T...",chat,6.6 vs 6.16,6.6 is bigger than 6.16.,True,0.09335564461118691,0.41928504433833563,0.2185368349249659,91.625,0.9545734524726868
"<|begin_of_text|><|start_header_id|>system<|end_header_id|>

Cutting Knowledge Date: December 2023
T...",chat,6.6 vs 6.16,6.6 is bigger than 6.16.,True,0.09463043109300746,0.41960497284453496,0.21617235234215887,92.0625,0.9140352606773376
"<|start_header_id|>user<|end_header_id|>

Which is bigger: 6.16 or 6.6?<|eot_id|><|start_header_id|>...",raw,6.6 vs 6.16,6.6 is bigger than 6.16.,True,0.11563292141951838,0.48380069708491763,0.2589115969581749,49.3125,0.8780731558799744
"<|start_header_id|>user<|end_header_id|>

Which is bigger: 6.6 or 6.16?<|eot_id|><|start_header_id|>...",raw,6.6 vs 6.16,6.6 is bigger than 6.16.,True,0.11654179810725553,0.4842271293375394,0.2566640378548896,49.53125,0.7995301485061646
"Which is bigger: 6.16 or 6.6?
Answer:",simple,6.6 vs 6.16,"6.6
Explanation: 6.6 is bigger than 6.16 because 6",True,0.03886700648748841,0.5817307692307693,0.37896779425393884,33.71875,0.9356372356414795
"Which is bigger: 6.6 or 6.16?
Answer:",simple,6.6 vs 6.16,"6.6 is bigger than 6.16.
Explanation: When compari",True,0.0389030612244898,0.5843865955473099,0.3771741651205937,33.6875,0.9076853394508362
"Q: Which is bigger: 6.16 or 6.6?
A:",qa,6.6 vs 6.16,"6.6 is bigger than 6.16.
Q: Which is bigger: 6.16 ",True,0.035540254237288134,0.6229078389830508,0.34126059322033897,36.875,0.49258267879486084
"Q: Which is bigger: 6.6 or 6.16?
A:",qa,6.6 vs 6.16,"6.6 is bigger than 6.16.
Explanation: When compari",True,0.035540254237288134,0.6220868644067796,0.342478813559322,36.875,0.5093071460723877
"<|begin_of_text|><|start_header_id|>system<|end_header_id|>

Cutting Knowledge Date: December 2023
T...",chat,5.5 vs 5.15,5.5 is bigger than 5.15.,True,0.09303832426920462,0.4191345173351462,0.21997153297076819,91.9375,0.9752786755561829
"<|begin_of_text|><|start_header_id|>system<|end_header_id|>

Cutting Knowledge Date: December 2023
T...",chat,5.5 vs 5.15,5.5 is bigger than 5.15.,True,0.09405451948924731,0.4156271001344086,0.2237168178763441,93.0,0.9543660283088684
"<|start_header_id|>user<|end_header_id|>

Which is bigger: 5.15 or 5.5?<|eot_id|><|start_header_id|>...",raw,5.5 vs 5.15,5.5 is bigger than 5.15.,True,0.11204509493670886,0.48647151898734176,0.26109572784810126,49.375,0.8382636904716492
"<|start_header_id|>user<|end_header_id|>

Which is bigger: 5.5 or 5.15?<|eot_id|><|start_header_id|>...",raw,5.5 vs 5.15,5.5 is bigger than 5.15.,True,0.1149727414330218,0.4780373831775701,0.26625778816199375,50.15625,0.8219156265258789
"Which is bigger: 5.15 or 5.5?
Answer:",simple,5.5 vs 5.15,"5.5
Explanation: 5.5 is bigger than 5.15 because 5",True,0.038616482504604054,0.5822398710865562,0.37911487108655617,33.9375,0.9391206502914429
"Which is bigger: 5.5 or 5.15?
Answer:",simple,5.5 vs 5.15,"5.5
Explanation: 5.5 is bigger than 5.15 because t",True,0.037986865942028984,0.5744451992753623,0.3878793025362319,34.5,0.9106063842773438
"Q: Which is bigger: 5.15 or 5.5?
A:",qa,5.5 vs 5.15,"5.5 is bigger than 5.15.
Q: Which is bigger: 5.15 ",True,0.035360455311973016,0.6235508010118044,0.34071985666104554,37.0625,0.5551698803901672
"Q: Which is bigger: 5.5 or 5.15?
A:",qa,5.5 vs 5.15,"5.5 is bigger than 5.15.
Q: Which is bigger: 5.55 ",True,0.03468775847808106,0.6126447477253929,0.35269334160463195,37.78125,0.4832910895347595
