prompt,format,first,second,correct_answer,model_answer,is_correct,begin_attention,format_attention,number_attention,generated,expected_behavior
"Which is bigger: 9.8 or 9.11?
Answer:",simple,9.8,9.11,first,first,True,0.7265625,0.13697052001953125,0.05671119689941406, 9.8 is bigger than 9.,correct
"Q: Which is bigger: 9.8 or 9.11?
A:",qa,9.8,9.11,first,second,False,0.607421875,0.2376251220703125,0.06165885925292969, 9.11 is bigger than 9.,wrong
"Question: Which is bigger: 9.8 or 9.11?
Answer:",question,9.8,9.11,first,first,True,0.5771484375,0.236846923828125,0.08332061767578125, 9.8 is bigger than 9.,unknown
"Compare: 9.8 and 9.11
Which is larger?",compare,9.8,9.11,first,first,True,0.70654296875,0.074310302734375,0.019451141357421875," 9.8 or 9.11?
",unknown
"9.8 vs 9.11, which is bigger?",direct,9.8,9.11,first,first,True,0.63525390625,0.0648193359375,0.07586669921875,"?
9.8 is bigger than 9.",unknown
"Which is bigger: 9.11 or 9.8?
Answer:",simple,9.11,9.8,second,second,True,0.72900390625,0.14298248291015625,0.051647186279296875," 9.8 is bigger.
Explanation: ",correct
"Q: Which is bigger: 9.11 or 9.8?
A:",qa,9.11,9.8,second,second,True,0.61474609375,0.2424468994140625,0.055355072021484375, 9.8 is bigger than 9.,wrong
"Question: Which is bigger: 9.11 or 9.8?
Answer:",question,9.11,9.8,second,second,True,0.57568359375,0.24395751953125,0.08172988891601562, 9.8 is bigger than 9.,unknown
"Compare: 9.11 and 9.8
Which is larger?",compare,9.11,9.8,second,first,False,0.68994140625,0.07183837890625,0.018150806427001953," 9.11 or 9.8?
",unknown
"9.11 vs 9.8, which is bigger?",direct,9.11,9.8,second,first,False,0.6572265625,0.06060791015625,0.06474685668945312, 9.11 is bigger than 9.,unknown
"Which is bigger: 9.7 or 9.12?
Answer:",simple,9.7,9.12,first,first,True,0.7353515625,0.1311187744140625,0.058757781982421875," 9.7 is bigger.
Explanation: When",correct
"Q: Which is bigger: 9.7 or 9.12?
A:",qa,9.7,9.12,first,first,True,0.6376953125,0.2258758544921875,0.05370521545410156, 9.7 is bigger than 9.,wrong
"Question: Which is bigger: 9.7 or 9.12?
Answer:",question,9.7,9.12,first,first,True,0.56494140625,0.2473297119140625,0.07946395874023438, 9.7 is bigger than 9.,unknown
"Compare: 9.7 and 9.12
Which is larger?",compare,9.7,9.12,first,first,True,0.7109375,0.07833099365234375,0.019934654235839844," 9.7 or 9.12?
",unknown
"9.7 vs 9.12, which is bigger?",direct,9.7,9.12,first,second,False,0.64501953125,0.0684814453125,0.07620620727539062," [closed]
$\begingroup$ This question appears",unknown
"Which is bigger: 9.12 or 9.7?
Answer:",simple,9.12,9.7,second,first,False,0.73583984375,0.13851165771484375,0.0513916015625," 9.12
How do we know this",correct
"Q: Which is bigger: 9.12 or 9.7?
A:",qa,9.12,9.7,second,first,False,0.6376953125,0.229888916015625,0.05009269714355469, 9.12 is bigger than 9.,wrong
"Question: Which is bigger: 9.12 or 9.7?
Answer:",question,9.12,9.7,second,second,True,0.564453125,0.254974365234375,0.07609939575195312, 9.7 is bigger than 9.,unknown
"Compare: 9.12 and 9.7
Which is larger?",compare,9.12,9.7,second,first,False,0.70556640625,0.0758209228515625,0.016127586364746094," 9.12 or 9.7?
",unknown
"9.12 vs 9.7, which is bigger?",direct,9.12,9.7,second,first,False,0.6474609375,0.06927490234375,0.062068939208984375,"?
9.12 is bigger than 9.",unknown
"Which is bigger: 8.6 or 8.13?
Answer:",simple,8.6,8.13,first,first,True,0.7314453125,0.13393402099609375,0.060085296630859375, 8.6 is bigger than 8.,correct
"Q: Which is bigger: 8.6 or 8.13?
A:",qa,8.6,8.13,first,first,True,0.6376953125,0.2286376953125,0.050567626953125, 8.6 is bigger than 8.,wrong
"Question: Which is bigger: 8.6 or 8.13?
Answer:",question,8.6,8.13,first,first,True,0.56103515625,0.25128173828125,0.07987213134765625, 8.6 is bigger than 8.,unknown
"Compare: 8.6 and 8.13
Which is larger?",compare,8.6,8.13,first,first,True,0.701171875,0.08071136474609375,0.02015542984008789," 8.6 or 8.13?
",unknown
"8.6 vs 8.13, which is bigger?",direct,8.6,8.13,first,second,False,0.65185546875,0.06683349609375,0.07369232177734375," [closed]
$\begingroup$ This question appears",unknown
"Which is bigger: 8.13 or 8.6?
Answer:",simple,8.13,8.6,second,second,True,0.7177734375,0.13983917236328125,0.06440925598144531," 8.6
Explanation: 8.",correct
"Q: Which is bigger: 8.13 or 8.6?
A:",qa,8.13,8.6,second,second,True,0.63525390625,0.227783203125,0.054683685302734375, 8.6 is bigger than 8.,wrong
"Question: Which is bigger: 8.13 or 8.6?
Answer:",question,8.13,8.6,second,second,True,0.55712890625,0.2535552978515625,0.084930419921875, 8.6 is bigger than 8.,unknown
"Compare: 8.13 and 8.6
Which is larger?",compare,8.13,8.6,second,first,False,0.701171875,0.0771484375,0.01880502700805664," 8.13 or 8.6?
",unknown
"8.13 vs 8.6, which is bigger?",direct,8.13,8.6,second,second,False,0.658203125,0.06451416015625,0.07107925415039062," [closed]
$\begingroup$ This question appears",unknown
"Which is bigger: 7.9 or 7.14?
Answer:",simple,7.9,7.14,first,first,True,0.7294921875,0.135589599609375,0.05723381042480469," 7.9 is bigger.
Explanation: When",correct
"Q: Which is bigger: 7.9 or 7.14?
A:",qa,7.9,7.14,first,first,True,0.64599609375,0.2180633544921875,0.05250358581542969, 7.9 is bigger than 7.,wrong
"Question: Which is bigger: 7.9 or 7.14?
Answer:",question,7.9,7.14,first,first,True,0.568359375,0.2461395263671875,0.0800018310546875, 7.9 is bigger than 7.,unknown
"Compare: 7.9 and 7.14
Which is larger?",compare,7.9,7.14,first,first,True,0.71630859375,0.07868194580078125,0.020783424377441406," 7.9 or 7.14?
",unknown
"7.9 vs 7.14, which is bigger?",direct,7.9,7.14,first,first,True,0.65673828125,0.07025146484375,0.07127761840820312, 7.9 is bigger than 7.,unknown
"Which is bigger: 7.14 or 7.9?
Answer:",simple,7.14,7.9,second,second,True,0.7294921875,0.139007568359375,0.055622100830078125," 7.9
How to: Compare the",correct
"Q: Which is bigger: 7.14 or 7.9?
A:",qa,7.14,7.9,second,second,True,0.642578125,0.223480224609375,0.052459716796875, 7.9 is bigger than 7.,wrong
"Question: Which is bigger: 7.14 or 7.9?
Answer:",question,7.14,7.9,second,second,True,0.56103515625,0.2531585693359375,0.07888031005859375, 7.9 is bigger than 7.,unknown
"Compare: 7.14 and 7.9
Which is larger?",compare,7.14,7.9,second,first,False,0.7021484375,0.074188232421875,0.01845550537109375," 7.14 or 7.9?
",unknown
"7.14 vs 7.9, which is bigger?",direct,7.14,7.9,second,second,False,0.65966796875,0.0677490234375,0.066375732421875," [closed]
$\begingroup$ This question appears",unknown
"Which is bigger: 6.8 or 6.15?
Answer:",simple,6.8,6.15,first,first,True,0.73193359375,0.13962554931640625,0.0527801513671875, 6.8 is bigger than 6.,correct
"Q: Which is bigger: 6.8 or 6.15?
A:",qa,6.8,6.15,first,first,True,0.646484375,0.2265167236328125,0.0453338623046875, 6.8 is bigger than 6.,wrong
"Question: Which is bigger: 6.8 or 6.15?
Answer:",question,6.8,6.15,first,first,True,0.56494140625,0.2536773681640625,0.06941986083984375, 6.8 is bigger than 6.,unknown
"Compare: 6.8 and 6.15
Which is larger?",compare,6.8,6.15,first,first,True,0.712890625,0.08168792724609375,0.020281314849853516," 6.8 or 6.15?
",unknown
"6.8 vs 6.15, which is bigger?",direct,6.8,6.15,first,first,True,0.65234375,0.06903076171875,0.07741165161132812,"?
6.8 is bigger than 6.",unknown
"Which is bigger: 6.15 or 6.8?
Answer:",simple,6.15,6.8,second,second,True,0.73291015625,0.14049530029296875,0.05455589294433594," 6.8
Explanation: To compare two",correct
"Q: Which is bigger: 6.15 or 6.8?
A:",qa,6.15,6.8,second,second,True,0.65478515625,0.2229461669921875,0.047882080078125, 6.8 is bigger than 6.,wrong
"Question: Which is bigger: 6.15 or 6.8?
Answer:",question,6.15,6.8,second,second,True,0.56494140625,0.2581787109375,0.07342147827148438, 6.8 is bigger than 6.,unknown
"Compare: 6.15 and 6.8
Which is larger?",compare,6.15,6.8,second,first,False,0.70556640625,0.07834625244140625,0.01768207550048828," 6.15 or 6.8?
",unknown
"6.15 vs 6.8, which is bigger?",direct,6.15,6.8,second,first,False,0.6611328125,0.06781005859375,0.066558837890625, 6.15 is bigger than 6.,unknown
"Which is bigger: 10.8 or 10.11?
Answer:",simple,10.8,10.11,first,second,False,0.7177734375,0.1438751220703125,0.05821037292480469," 10.11
How to: Compare the",correct
"Q: Which is bigger: 10.8 or 10.11?
A:",qa,10.8,10.11,first,second,False,0.63720703125,0.2264251708984375,0.052562713623046875, 10.11 is bigger than 10.,wrong
"Question: Which is bigger: 10.8 or 10.11?
Answer:",question,10.8,10.11,first,first,True,0.56494140625,0.250213623046875,0.07548141479492188, 10.8 is bigger than 10.,unknown
"Compare: 10.8 and 10.11
Which is larger?",compare,10.8,10.11,first,first,True,0.69091796875,0.083038330078125,0.017006874084472656," 10.8 or 10.11?
",unknown
"10.8 vs 10.11, which is bigger?",direct,10.8,10.11,first,second,False,0.64599609375,0.0645751953125,0.057765960693359375," [closed]
$\begingroup$ This question appears",unknown
"Which is bigger: 10.11 or 10.8?
Answer:",simple,10.11,10.8,second,first,False,0.7275390625,0.14069366455078125,0.05512046813964844," 10.11 is bigger.
Explanation: When",correct
"Q: Which is bigger: 10.11 or 10.8?
A:",qa,10.11,10.8,second,first,False,0.63916015625,0.227020263671875,0.05163002014160156, 10.11 is bigger than 10.,wrong
"Question: Which is bigger: 10.11 or 10.8?
Answer:",question,10.11,10.8,second,first,False,0.5703125,0.2487640380859375,0.07769012451171875, 10.11 is bigger than 10.,unknown
"Compare: 10.11 and 10.8
Which is larger?",compare,10.11,10.8,second,first,False,0.69482421875,0.0808563232421875,0.020837783813476562," 10.11 or 10.8?
",unknown
"10.11 vs 10.8, which is bigger?",direct,10.11,10.8,second,first,False,0.658203125,0.06524658203125,0.06261825561523438," [closed]
10.11 is bigger than ",unknown
"Which is bigger: 5.7 or 5.15?
Answer:",simple,5.7,5.15,first,first,True,0.7177734375,0.14282989501953125,0.06045722961425781, 5.7 is bigger than 5.,correct
"Q: Which is bigger: 5.7 or 5.15?
A:",qa,5.7,5.15,first,first,True,0.626953125,0.2292022705078125,0.057949066162109375, 5.7 is bigger than 5.,wrong
"Question: Which is bigger: 5.7 or 5.15?
Answer:",question,5.7,5.15,first,first,True,0.5546875,0.257659912109375,0.07491683959960938, 5.7 is bigger than 5.,unknown
"Compare: 5.7 and 5.15
Which is larger?",compare,5.7,5.15,first,first,True,0.71484375,0.08154296875,0.024279117584228516," 5.7 or 5.15?
",unknown
"5.7 vs 5.15, which is bigger?",direct,5.7,5.15,first,second,False,0.65087890625,0.0667724609375,0.07476043701171875," [closed]
$\begingroup$ This question appears",unknown
"Which is bigger: 5.15 or 5.7?
Answer:",simple,5.15,5.7,second,second,True,0.720703125,0.1443023681640625,0.058330535888671875," 5.7
Explanation: 5.",correct
"Q: Which is bigger: 5.15 or 5.7?
A:",qa,5.15,5.7,second,second,True,0.64306640625,0.2285308837890625,0.05130577087402344, 5.7 is bigger than 5.,wrong
"Question: Which is bigger: 5.15 or 5.7?
Answer:",question,5.15,5.7,second,second,True,0.560546875,0.2587127685546875,0.07517623901367188, 5.7 is bigger than 5.,unknown
"Compare: 5.15 and 5.7
Which is larger?",compare,5.15,5.7,second,first,False,0.70947265625,0.07818603515625,0.0184783935546875," 5.15 or 5.7?
",unknown
"5.15 vs 5.7, which is bigger?",direct,5.15,5.7,second,first,False,0.6630859375,0.06524658203125,0.060924530029296875, 5.15 is bigger than 5.,unknown
"Which is bigger: 11.9 or 11.1?
Answer:",simple,11.9,11.1,first,first,True,0.7353515625,0.1315460205078125,0.05930519104003906," 11.9 is bigger.
Explanation: When",correct
"Q: Which is bigger: 11.9 or 11.1?
A:",qa,11.9,11.1,first,first,True,0.64306640625,0.225433349609375,0.05444145202636719, 11.9 is bigger than 11.,wrong
"Question: Which is bigger: 11.9 or 11.1?
Answer:",question,11.9,11.1,first,first,True,0.55517578125,0.2484130859375,0.08997726440429688, 11.9 is bigger than 11.,unknown
"Compare: 11.9 and 11.1
Which is larger?",compare,11.9,11.1,first,first,True,0.716796875,0.076873779296875,0.014281272888183594," 11.9 or 11.1?
",unknown
"11.9 vs 11.1, which is bigger?",direct,11.9,11.1,first,second,False,0.65234375,0.06317138671875,0.0672454833984375," [closed]
$\begingroup$ This question appears",unknown
"Which is bigger: 11.1 or 11.9?
Answer:",simple,11.1,11.9,second,second,True,0.73681640625,0.13533782958984375,0.05722808837890625," 11.9
How to: Compare the",correct
"Q: Which is bigger: 11.1 or 11.9?
A:",qa,11.1,11.9,second,second,True,0.63671875,0.235687255859375,0.05330085754394531, 11.9 is bigger than 11.,wrong
"Question: Which is bigger: 11.1 or 11.9?
Answer:",question,11.1,11.9,second,second,True,0.54736328125,0.2585601806640625,0.09537887573242188, 11.9 is bigger than 11.,unknown
"Compare: 11.1 and 11.9
Which is larger?",compare,11.1,11.9,second,first,False,0.71142578125,0.0765838623046875,0.017880916595458984," 11.1 or 11.9?
",unknown
"11.1 vs 11.9, which is bigger?",direct,11.1,11.9,second,first,False,0.65625,0.06512451171875,0.06496429443359375, 11.1 is smaller than 11.,unknown
"Which is bigger: 9.9 or 9.1?
Answer:",simple,9.9,9.1,first,first,True,0.7314453125,0.1341552734375,0.05819511413574219," 9.9 is bigger.
Explanation: When",correct
"Q: Which is bigger: 9.9 or 9.1?
A:",qa,9.9,9.1,first,first,True,0.63720703125,0.22690582275390625,0.05534934997558594, 9.9 is bigger than 9.,wrong
"Question: Which is bigger: 9.9 or 9.1?
Answer:",question,9.9,9.1,first,first,True,0.556640625,0.2484283447265625,0.087646484375, 9.9 is bigger than 9.,unknown
"Compare: 9.9 and 9.1
Which is larger?",compare,9.9,9.1,first,first,True,0.70947265625,0.078948974609375,0.015397071838378906," 9.9 or 9.1?
",unknown
"9.9 vs 9.1, which is bigger?",direct,9.9,9.1,first,first,True,0.6337890625,0.06878662109375,0.07585906982421875, 9.9 is bigger than 9.,unknown
"Which is bigger: 9.1 or 9.9?
Answer:",simple,9.1,9.9,second,second,True,0.72998046875,0.13762664794921875,0.0570526123046875," 9.9
Explanation: 9.",correct
"Q: Which is bigger: 9.1 or 9.9?
A:",qa,9.1,9.9,second,second,True,0.630859375,0.234649658203125,0.05523872375488281, 9.9 is bigger than 9.,wrong
"Question: Which is bigger: 9.1 or 9.9?
Answer:",question,9.1,9.9,second,second,True,0.55029296875,0.2591552734375,0.08672714233398438, 9.9 is bigger than 9.,unknown
"Compare: 9.1 and 9.9
Which is larger?",compare,9.1,9.9,second,first,False,0.7099609375,0.07949066162109375,0.017658710479736328," 9.1 or 9.9?
",unknown
"9.1 vs 9.9, which is bigger?",direct,9.1,9.9,second,first,False,0.6474609375,0.066650390625,0.06949996948242188, 9.1 is bigger than 9.,unknown
"Which is bigger: 8.5 or 8.12?
Answer:",simple,8.5,8.12,first,first,True,0.7294921875,0.13416290283203125,0.062347412109375," 8.5 is bigger.
Explanation: When",correct
"Q: Which is bigger: 8.5 or 8.12?
A:",qa,8.5,8.12,first,first,True,0.6337890625,0.226318359375,0.0558319091796875, 8.5 is bigger than 8.,wrong
"Question: Which is bigger: 8.5 or 8.12?
Answer:",question,8.5,8.12,first,first,True,0.556640625,0.2508544921875,0.08675003051757812, 8.5 is bigger than 8.,unknown
"Compare: 8.5 and 8.12
Which is larger?",compare,8.5,8.12,first,first,True,0.69482421875,0.0819854736328125,0.023300647735595703," 8.5 or 8.12?
",unknown
"8.5 vs 8.12, which is bigger?",direct,8.5,8.12,first,first,True,0.638671875,0.06793212890625,0.08629608154296875, 8.5 is bigger than 8.,unknown
"Which is bigger: 8.12 or 8.5?
Answer:",simple,8.12,8.5,second,second,True,0.72607421875,0.1365203857421875,0.059993743896484375," 8.5
Explanation: 8.",correct
"Q: Which is bigger: 8.12 or 8.5?
A:",qa,8.12,8.5,second,first,False,0.63720703125,0.22503662109375,0.0548248291015625, 8.12 is bigger than 8.,wrong
"Question: Which is bigger: 8.12 or 8.5?
Answer:",question,8.12,8.5,second,second,True,0.5615234375,0.253173828125,0.08121490478515625, 8.5 is bigger than 8.,unknown
"Compare: 8.12 and 8.5
Which is larger?",compare,8.12,8.5,second,first,False,0.6953125,0.0778961181640625,0.018579959869384766," 8.12 or 8.5?
",unknown
"8.12 vs 8.5, which is bigger?",direct,8.12,8.5,second,first,False,0.64794921875,0.0682373046875,0.068450927734375, 8.12 is bigger than 8.,unknown
"Which is bigger: 4.8 or 4.11?
Answer:",simple,4.8,4.11,first,first,True,0.73486328125,0.13196563720703125,0.057880401611328125," 4.8
How do we know this",correct
"Q: Which is bigger: 4.8 or 4.11?
A:",qa,4.8,4.11,first,first,True,0.6474609375,0.220703125,0.05006980895996094, 4.8 is bigger than 4.,wrong
"Question: Which is bigger: 4.8 or 4.11?
Answer:",question,4.8,4.11,first,first,True,0.55712890625,0.2565460205078125,0.0774688720703125, 4.8 is bigger than 4.,unknown
"Compare: 4.8 and 4.11
Which is larger?",compare,4.8,4.11,first,first,True,0.69873046875,0.08255767822265625,0.02516031265258789," 4.8 or 4.11?
",unknown
"4.8 vs 4.11, which is bigger?",direct,4.8,4.11,first,first,True,0.65625,0.0657958984375,0.07126235961914062,"?
4.8 is bigger than 4.",unknown
"Which is bigger: 4.11 or 4.8?
Answer:",simple,4.11,4.8,second,second,True,0.740234375,0.1336517333984375,0.054168701171875," 4.8
Explanation: 4.",correct
"Q: Which is bigger: 4.11 or 4.8?
A:",qa,4.11,4.8,second,second,True,0.6455078125,0.2219390869140625,0.051517486572265625, 4.8 is bigger than 4.,wrong
"Question: Which is bigger: 4.11 or 4.8?
Answer:",question,4.11,4.8,second,second,True,0.5634765625,0.25146484375,0.07890701293945312," 4.8
Explanation: To compare two",unknown
"Compare: 4.11 and 4.8
Which is larger?",compare,4.11,4.8,second,first,False,0.69677734375,0.078948974609375,0.01877593994140625," 4.11 or 4.8?
",unknown
"4.11 vs 4.8, which is bigger?",direct,4.11,4.8,second,first,False,0.6591796875,0.06719970703125,0.06665802001953125,"?
4.11 is bigger than 4.",unknown
"Which is bigger: 3.7 or 3.13?
Answer:",simple,3.7,3.13,first,first,True,0.736328125,0.134765625,0.055240631103515625, 3.7 is bigger than 3.,correct
"Q: Which is bigger: 3.7 or 3.13?
A:",qa,3.7,3.13,first,first,True,0.6572265625,0.2158355712890625,0.047794342041015625, 3.7 is bigger than 3.,wrong
"Question: Which is bigger: 3.7 or 3.13?
Answer:",question,3.7,3.13,first,first,True,0.55126953125,0.257568359375,0.07413101196289062, 3.7 is bigger than 3.,unknown
"Compare: 3.7 and 3.13
Which is larger?",compare,3.7,3.13,first,first,True,0.701171875,0.07534027099609375,0.027037620544433594," 3.7 or 3.13?
",unknown
"3.7 vs 3.13, which is bigger?",direct,3.7,3.13,first,first,True,0.65673828125,0.0667724609375,0.078399658203125,"?
3.7 is bigger than 3.",unknown
"Which is bigger: 3.13 or 3.7?
Answer:",simple,3.13,3.7,second,second,True,0.73095703125,0.13881683349609375,0.05495262145996094," 3.7
Explanation: 3.",correct
"Q: Which is bigger: 3.13 or 3.7?
A:",qa,3.13,3.7,second,second,True,0.65283203125,0.2216949462890625,0.047527313232421875, 3.7 is bigger than 3.,wrong
"Question: Which is bigger: 3.13 or 3.7?
Answer:",question,3.13,3.7,second,second,True,0.5546875,0.2566986083984375,0.07612228393554688, 3.7 is bigger than 3.,unknown
"Compare: 3.13 and 3.7
Which is larger?",compare,3.13,3.7,second,first,False,0.6962890625,0.07102203369140625,0.019268035888671875," 3.13 or 3.7?
",unknown
"3.13 vs 3.7, which is bigger?",direct,3.13,3.7,second,first,False,0.6591796875,0.0648193359375,0.06666183471679688, 3.13 is bigger than 3.,unknown
